31/08/2024,"-61.00","SAL'S DARLINGHURST DARLINGHURST AU AUS Card xx3319 Value Date: 29/08/2024","+1903.86"
31/08/2024,"-28.34","DD *DOORDASH GUZMANYGO MELBOURNE VI AUS Card xx3319 Value Date: 28/08/2024","+1964.86"
31/08/2024,"-12.20","UBER *TRIP Sydney AU AUS Card xx3319 Value Date: 29/08/2024","+1993.20"
30/08/2024,"-25.62","DD *DOORDASH DECCANDAR MELBOURNE VI AUS Card xx3319 Value Date: 27/08/2024","+2005.40"
29/08/2024,"-34.68","DD *DOORDASH CHEEKYBUR MELBOURNE VI AUS Card xx3319 Value Date: 26/08/2024","+2031.02"
29/08/2024,"-8.99","APPLE.COM/BILL SYDNEY AU AUS Card xx3319 Value Date: 26/08/2024","+2065.70"
29/08/2024,"-11.86","UBER *TRIP Sydney AU AUS Card xx3319 Value Date: 27/08/2024","+2074.69"
29/08/2024,"-28.64","DD *DOORDASH JAGSRISTO MELBOURNE VI AUS Card xx3319 Value Date: 27/08/2024","+2086.55"
28/08/2024,"-9.99","DD *DOORDASHDASHPASS MELBOURNE VI AUS Card xx3319 Value Date: 26/08/2024","+2115.19"
28/08/2024,"-22.30","DD *DOORDASH GUZMANYGO MELBOURNE VI AUS Card xx3319 Value Date: 26/08/2024","+2125.18"
28/08/2024,"-71.43","DD *DOORDASH COLES MELBOURNE VI AUS Card xx3319 Value Date: 26/08/2024","+2147.48"
28/08/2024,"-3.81","DD *DDDOORDASHCOLES MELBOURNE VI AUS Card xx3319 Value Date: 27/08/2024","+2218.91"
27/08/2024,"+2000.00","Transfer from xx2405 CommBank app Transfer","+2222.72"
27/08/2024,"-1050.00","Wdl ATM CBA ATM AUBURN A NSW 210701 AUS","+222.72"
27/08/2024,"-4.99","Google YouTube Videos Pyrmont AU AUS Card xx3319 Value Date: 23/08/2024","+1272.72"
27/08/2024,"-1.49","APPLE.COM/BILL SYDNEY NS AUS Card xx3319 Value Date: 23/08/2024","+1277.71"
27/08/2024,"-24.00","DD *DOORDASH STUDENTBI MELBOURNE VI AUS Card xx3319 Value Date: 23/08/2024","+1279.20"
27/08/2024,"-13.00","AMPOL AUBURN AUBURN AUS Card xx3319 Value Date: 22/08/2024","+1303.20"
27/08/2024,"-35.33","DD *DOORDASH SHRIREFRE MELBOURNE VI AUS Card xx3319 Value Date: 24/08/2024","+1316.20"
27/08/2024,"-34.55","DD *DOORDASH GUZMANYGO MELBOURNE VI AUS Card xx3319 Value Date: 24/08/2024","+1351.53"
27/08/2024,"-27.63","DD *DOORDASH SANCHURRO MELBOURNE VI AUS Card xx3319 Value Date: 25/08/2024","+1386.08"
27/08/2024,"-34.10","Dominos Estore Ermingt dominos.com.a AU AUS Card xx3319 Value Date: 25/08/2024","+1413.71"
24/08/2024,"-22.99","DD *DOORDASH BROASTERC MELBOURNE VI AUS Card xx3319 Value Date: 22/08/2024","+1447.81"
24/08/2024,"-18.67","DD *DOORDASH AUBURNFRE MELBOURNE VI AUS Card xx3319 Value Date: 21/08/2024","+1470.80"
24/08/2024,"-24.13","UBER *EATS Sydney AU AUS Card xx3319 Value Date: 22/08/2024","+1489.47"
24/08/2024,"-22.30","DD *DOORDASH GUZMANYGO MELBOURNE VI AUS Card xx3319 Value Date: 22/08/2024","+1513.60"
23/08/2024,"-22.00","DD *DOORDASH STUDENTBI MELBOURNE VI AUS Card xx3319 Value Date: 20/08/2024","+1535.90"
23/08/2024,"-22.30","DD *DOORDASH GUZMANYGO MELBOURNE VI AUS Card xx3319 Value Date: 21/08/2024","+1557.90"
22/08/2024,"-22.30","DD *DOORDASH GUZMANYGO MELBOURNE VI AUS Card xx3319 Value Date: 19/08/2024","+1580.20"
22/08/2024,"-8.60","DD *DOORDASH GUZMANYGO MELBOURNE VI AUS Card xx3319 Value Date: 20/08/2024","+1602.50"
22/08/2024,"-13.00","AMPOL AUBURN AUBURN AUS Card xx3319 Value Date: 19/08/2024","+1611.10"
22/08/2024,"-4.99","AMPOL AUBURN AUBURN AUS Card xx3319 Value Date: 19/08/2024","+1624.10"
21/08/2024,"-22.30","DD *DOORDASH GUZMANYGO MELBOURNE VI AUS Card xx3319 Value Date: 19/08/2024","+1629.09"
21/08/2024,"-5.29","TRANSPORTFORNSW TAP SYDNEY AUS Card xx3319 Value Date: 18/08/2024","+1651.39"
20/08/2024,"-22.30","DD *DOORDASH GUZMANYGO MELBOURNE VI AUS Card xx3319 Value Date: 16/08/2024","+1656.68"
20/08/2024,"-13.00","AMPOL AUBURN AUBURN AUS Card xx3319 Value Date: 15/08/2024","+1678.98"
20/08/2024,"-54.94","UBER* TRIP SYDNEY NS AUS Card xx3319 Value Date: 17/08/2024","+1691.98"
20/08/2024,"-5.00","WW METRO 1665 PARRAMATTA AU AUS Card xx3319 Value Date: 17/08/2024","+1746.92"
20/08/2024,"-6.81","UBER *TRIP Sydney AU AUS Card xx3319 Value Date: 18/08/2024","+1751.92"
20/08/2024,"-14.55","UBER *TRIP Sydney AU AUS Card xx3319 Value Date: 17/08/2024","+1758.73"
20/08/2024,"-96.00","UBER *ONE Sydney AU AUS Card xx3319 Value Date: 18/08/2024","+1773.28"
20/08/2024,"-47.42","DD *DOORDASH SHAAHILOU MELBOURNE VI AUS Card xx3319 Value Date: 18/08/2024","+1869.28"
20/08/2024,"-24.74","DD *DOORDASH RASHAYS MELBOURNE VI AUS Card xx3319 Value Date: 18/08/2024","+1916.70"
20/08/2024,"-67.00","TELSTRA SERVICES MELBOURNE AUS Card xx3319 Value Date: 17/08/2024","+1941.44"
19/08/2024,"-975.00","Direct Debit 518073 ECA Professional EZYPAYID 326411460","+2008.44"
19/08/2024,"-6000.00","Transfer to xx2405 CommBank app Transfer","+2983.44"
19/08/2024,"+8164.14","Direct Credit 141000 SOURCE GLOBAL 132 133","+8983.44"
18/08/2024,"-3200.00","Transfer To Z KHAN PayID Phone from CommBank App Loan","+819.30"
17/08/2024,"+2000.00","Transfer from xx2405 CommBank app Transfer","+4019.30"
17/08/2024,"-18.50","DD *DOORDASH GUZMANYGO MELBOURNE VI AUS Card xx3319 Value Date: 15/08/2024","+2019.30"
17/08/2024,"-30.00","Dominos Estore Ermingt dominos.com.a AU AUS Card xx3319 Value Date: 15/08/2024","+2037.80"
16/08/2024,"-39.00","Transfer To MOHAMMED ALTAF HOSSAIN PayID Phone from CommBank App Food bbq","+2067.80"
16/08/2024,"-36.00","Dominos Estore Ermingt dominos.com.a AU AUS Card xx3319 Value Date: 14/08/2024","+2106.80"
16/08/2024,"-9.99","AMZNPRIMEAU MEMBERSHIP SYDNEY SOUTH NS AUS Card xx3319 Value Date: 14/08/2024","+2142.80"
16/08/2024,"-22.13","DD *DOORDASH GUZMANYGO MELBOURNE VI AUS Card xx3319 Value Date: 14/08/2024","+2152.79"
16/08/2024,"-3.80","DD *DOORDASH COLES MELBOURNE VI AUS Card xx3319 Value Date: 14/08/2024","+2174.92"
15/08/2024,"-31.59","DD *DOORDASH PAKAFGHAN MELBOURNE VI AUS Card xx3319 Value Date: 12/08/2024","+2178.72"
15/08/2024,"-22.30","DD *DOORDASH GUZMANYGO MELBOURNE VI AUS Card xx3319 Value Date: 13/08/2024","+2210.31"
15/08/2024,"-13.00","AMPOL AUBURN AUBURN AUS Card xx3319 Value Date: 12/08/2024","+2232.61"
14/08/2024,"-24.15","WOOLWORTHS 1106 PARRAMATTA AU AUS Card xx3319 Value Date: 12/08/2024","+2245.61"
14/08/2024,"-79.58","G2ABVSHOP AMSTERDAM NLD Card xx3319 AUD 79.58 Value Date: 11/08/2024","+2269.76"
14/08/2024,"-18.04","Flipp Parramtta Parramatta NS AUS Card xx3319 Value Date: 12/08/2024","+2349.34"
14/08/2024,"-22.30","DD *DOORDASH GUZMANYGO MELBOURNE VI AUS Card xx3319 Value Date: 12/08/2024","+2367.38"
14/08/2024,"-35.00","AMANDO BARBER SHOP SILVERWATER NS AUS Card xx3319 Value Date: 12/08/2024","+2389.68"
14/08/2024,"-3.05","TRANSPORTFORNSW TAP SYDNEY AUS Card xx3319 Value Date: 11/08/2024","+2424.68"
13/08/2024,"-17.50","Transfer To MOHAMMED ALTAF HOSSAIN PayID Phone from CommBank App Food","+2427.73"
13/08/2024,"-24.74","DD *DOORDASH RASHAYS MELBOURNE VI AUS Card xx3319 Value Date: 09/08/2024","+2445.23"
13/08/2024,"-35.75","DD *DOORDASH GUZMANYGO MELBOURNE VI AUS Card xx3319 Value Date: 09/08/2024","+2469.97"
13/08/2024,"-13.00","AMPOL AUBURN AUBURN AUS Card xx3319 Value Date: 08/08/2024","+2505.72"
13/08/2024,"-3.15","WW METRO 1665 PARRAMATTA AU AUS Card xx3319 Value Date: 10/08/2024","+2518.72"
13/08/2024,"-26.09","DD *DOORDASH OPORTO MELBOURNE VI AUS Card xx3319 Value Date: 10/08/2024","+2521.87"
13/08/2024,"-17.15","1915 Lanzhou Beef Nood Parramatta NS AUS Card xx3319 Value Date: 10/08/2024","+2547.96"
13/08/2024,"-18.70","UBER *TRIP Sydney AU AUS Card xx3319 Value Date: 10/08/2024","+2565.11"
13/08/2024,"-36.31","DD *DOORDASH RASHAYS MELBOURNE VI AUS Card xx3319 Value Date: 11/08/2024","+2583.81"
13/08/2024,"-15.00","DD *DOORDASH GUZMANYGO MELBOURNE VI AUS Card xx3319 Value Date: 11/08/2024","+2620.12"
10/08/2024,"-4.99","Google YouTube Videos Pyrmont AU AUS Card xx3319 Value Date: 08/08/2024","+2635.12"
10/08/2024,"-35.53","DD *DOORDASH ELJANNAH MELBOURNE VI AUS Card xx3319 Value Date: 07/08/2024","+2640.11"
10/08/2024,"-28.64","DD *DOORDASH JAGSRISTO MELBOURNE VI AUS Card xx3319 Value Date: 08/08/2024","+2675.64"
10/08/2024,"-23.00","DD *DOORDASH GUZMANYGO MELBOURNE VI AUS Card xx3319 Value Date: 08/08/2024","+2704.28"
10/08/2024,"-81.71","AMAZON AU MARKETPLACE SYDNEY AUS Card xx3319 Value Date: 06/08/2024","+2727.28"
09/08/2024,"-1204.40","ATO PAYMENT SYDNEY NS AUS Card xx3319 Value Date: 07/08/2024","+2808.99"
09/08/2024,"-15.00","DD *DOORDASH GUZMANYGO MELBOURNE VI AUS Card xx3319 Value Date: 07/08/2024","+4013.39"
09/08/2024,"-13.00","AMPOL AUBURN AUBURN AUS Card xx3319 Value Date: 06/08/2024","+4028.39"
09/08/2024,"-53.38","AMAZON AU MARKETPLACE SYDNEY AUS Card xx3319 Value Date: 06/08/2024","+4041.39"
09/08/2024,"-52.85","AMAZON AU MARKETPLACE SYDNEY AUS Card xx3319 Value Date: 06/08/2024","+4094.77"
08/08/2024,"-16.99","Google YouTubePremium Barangaroo AU AUS Card xx3319 Value Date: 06/08/2024","+4147.62"
08/08/2024,"-15.00","DD *DOORDASH GUZMANYGO MELBOURNE VI AUS Card xx3319 Value Date: 06/08/2024","+4164.61"
08/08/2024,"-32.59","DD *DOORDASH BURGERPOI MELBOURNE VI AUS Card xx3319 Value Date: 06/08/2024","+4179.61"
07/08/2024,"+1.00","Refund Purchase Canva* paAAAGGSRDX3X2NA","+4212.20"
07/08/2024,"-1.00","Canva* paAAAGGSRDX3X2NA","+4211.20"
07/08/2024,"+2000.00","Transfer from xx2405 CommBank app Transfer","+4212.20"
07/08/2024,"-10.20","GUZMAN Y GOMEZ SURRY HILLS NS AUS Card xx3319 Value Date: 04/08/2024","+2212.20"
07/08/2024,"-31.59","DD *DOORDASH PAKAFGHAN MELBOURNE VI AUS Card xx3319 Value Date: 05/08/2024","+2222.40"
07/08/2024,"-14.20","DD *DOORDASH GUZMANYGO MELBOURNE VI AUS Card xx3319 Value Date: 05/08/2024","+2253.99"
07/08/2024,"-13.00","AMPOL AUBURN AUBURN AUS Card xx3319 Value Date: 04/08/2024","+2268.19"
07/08/2024,"-5.99","TRANSPORTFORNSW TAP SYDNEY AUS Card xx3319 Value Date: 04/08/2024","+2281.19"
06/08/2024,"+2000.00","Transfer from xx2405 CommBank app Transfer","+2287.18"
06/08/2024,"-78.94","CENTRE COM SUNSHINE PT AUBURN AU AUS Card xx3319 Value Date: 02/08/2024","+287.18"
06/08/2024,"-13.99","CRUNCHYROLL.COM COPPELL TX USA Card xx3319 AUD 13.99 Value Date: 03/08/2024","+366.12"
06/08/2024,"-24.90","MCDONALDS GUNNEDAH GUNNEDAH AUS Card xx3319 Value Date: 01/08/2024","+380.11"
06/08/2024,"-67.07","INLAND PETROLEUM WALGETT AUS Card xx3319 Value Date: 01/08/2024","+405.01"
06/08/2024,"-12.00","COLES 7663COLES 7663 PARRAMATTA AU AUS Card xx3319 Value Date: 03/08/2024","+472.08"
06/08/2024,"-8.60","WW METRO 1665 PARRAMATTA AU AUS Card xx3319 Value Date: 03/08/2024","+484.08"
06/08/2024,"-55.77","SMP*Amritsariya Harri Harris Park AU AUS Card xx3319 Value Date: 03/08/2024","+492.68"
06/08/2024,"-22.00","DD *DOORDASH GUZMANYGO MELBOURNE VI AUS Card xx3319 Value Date: 03/08/2024","+548.45"
06/08/2024,"-16.74","UBER *TRIP Sydney AU AUS Card xx3319 Value Date: 03/08/2024","+570.45"
06/08/2024,"-14.20","DD *DOORDASH GUZMANYGO MELBOURNE VI AUS Card xx3319 Value Date: 04/08/2024","+587.19"
06/08/2024,"-7.50","AMPOL AUBURN AUBURN AUS Card xx3319 Value Date: 03/08/2024","+601.39"
04/08/2024,"-21.00","Transfer To MOHAMMED ALTAF HOSSAIN PayID Phone from CommBank App Food","+608.89"
03/08/2024,"+15.00","Fast Transfer From KANGXING XIE to PayID Phone CREDIT TO ACCOUNT","+629.89"
03/08/2024,"-13.90","WOOLWORTHS 1305 NARRABRI AU AUS Card xx3319 Value Date: 01/08/2024","+614.89"
03/08/2024,"-13.99","APPLE.COM/BILL SYDNEY AU AUS Card xx3319 Value Date: 31/07/2024","+628.79"
03/08/2024,"-37.50","DD *DOORDASH GUZMANYGO MELBOURNE VI AUS Card xx3319 Value Date: 01/08/2024","+642.78"
03/08/2024,"-22.90","DIMOND FOOD GROUP PL WALGETT NS AUS Card xx3319 Value Date: 31/07/2024","+680.28"
03/08/2024,"-55.96","INLAND PETROLEUM WALGETT AUS Card xx3319 Value Date: 31/07/2024","+703.18"
03/08/2024,"-84.04","MOBIL MUSWELLBROOK NOR MUSWELLBROOK AUS Card xx3319 Value Date: 01/08/2024","+759.14"
02/08/2024,"-36.00","Transfer To MOHAMMED ALTAF HOSSAIN PayID Phone from CommBank App Food","+843.18"
02/08/2024,"-72.07","WOODHAM PETROLEUM SE WALGETT NS AUS Card xx3319 Value Date: 31/07/2024","+879.18"
02/08/2024,"-68.68","SHELL BREWARRINA BREWARRINA NS AUS Card xx3319 Value Date: 31/07/2024","+951.25"
02/08/2024,"-22.90","DIMOND FOOD GROUP PL WALGETT NS AUS Card xx3319 Value Date: 30/07/2024","+1019.93"
02/08/2024,"-60.23","INLAND PETROLEUM WALGETT AUS Card xx3319 Value Date: 30/07/2024","+1042.83"
01/08/2024,"-69.85","Direct Debit 000488 NIB 62112235","+1103.06"
01/08/2024,"-43.57","INLAND PETROLEUM WALGETT AUS Card xx3319 Value Date: 30/07/2024","+1172.91"
01/08/2024,"-15.67","MUDDY WATERS BREWARRIN BREWARRINA AUS Card xx3319 Value Date: 30/07/2024","+1216.48"
01/08/2024,"-15.00","MCDONALDS DUBBO DUBBO DC AUS Card xx3319 Value Date: 29/07/2024","+1232.15"
01/08/2024,"-71.42","SHELL BREWARRINA BREWARRINA NS AUS Card xx3319 Value Date: 30/07/2024","+1247.15"
31/07/2024,"-28.99","WOODHAM PETROLEUM SE WALGETT NS AUS Card xx3319 Value Date: 29/07/2024","+1318.57"
31/07/2024,"-117.46","7-ELEVEN 2361 SINGLE SINGLETON NS AUS Card xx3319 Value Date: 29/07/2024","+1347.56"
31/07/2024,"-78.50","CALTEX DUNEDOO DUNEDOO AUS Card xx3319 Value Date: 29/07/2024","+1465.02"
30/07/2024,"-9.99","DD *DOORDASHDASHPASS MELBOURNE VI AUS Card xx3319 Value Date: 26/07/2024","+1543.52"
30/07/2024,"-227.00","IKEA PTY LTD TEmpe NS AUS Card xx3319 Value Date: 26/07/2024","+1553.51"
30/07/2024,"-77.21","BP CAPERTEE 9854 CAPERTEE NS AUS Card xx3319 Value Date: 25/07/2024","+1780.51"
30/07/2024,"-19.85","Subway Cobar Cobar NS AUS Card xx3319 Value Date: 25/07/2024","+1857.72"
30/07/2024,"-22.79","DD *DOORDASH MRBEASTBU MELBOURNE VI AUS Card xx3319 Value Date: 26/07/2024","+1877.57"
30/07/2024,"-14.20","DD *DOORDASH GUZMANYGO MELBOURNE VI AUS Card xx3319 Value Date: 26/07/2024","+1900.36"
30/07/2024,"-113.51","AMPOL COBAR 22336F COBAR AUS Card xx3319 Value Date: 25/07/2024","+1914.56"
30/07/2024,"-35.98","AMAZON AU RETAIL SYDNEY AUS Card xx3319 Value Date: 25/07/2024","+2028.07"
30/07/2024,"-119.29","AMAZON AU MARKETPLACE SYDNEY AUS Card xx3319 Value Date: 25/07/2024","+2064.05"
30/07/2024,"-8.99","APPLE.COM/BILL SYDNEY AU AUS Card xx3319 Value Date: 26/07/2024","+2183.34"
30/07/2024,"-33.57","DD *DOORDASH MRBEASTBU MELBOURNE VI AUS Card xx3319 Value Date: 27/07/2024","+2192.33"
30/07/2024,"-15.00","DD *DOORDASH GUZMANYGO MELBOURNE VI AUS Card xx3319 Value Date: 27/07/2024","+2225.90"
30/07/2024,"-17.44","DD *DOORDASH COLES MELBOURNE VI AUS Card xx3319 Value Date: 27/07/2024","+2240.90"
30/07/2024,"-6.50","AMPOL AUBURN AUBURN AUS Card xx3319 Value Date: 26/07/2024","+2258.34"
30/07/2024,"-22.10","DD *DOORDASH MRBEASTBU MELBOURNE VI AUS Card xx3319 Value Date: 28/07/2024","+2264.84"
28/07/2024,"-1200.00","Wdl ATM CBA ATM GRANVILLE C NSW 217403 AUS","+2286.94"
28/07/2024,"+1500.00","Transfer from xx2405 CommBank app Transfer","+3486.94"
27/07/2024,"-92.73","BP NARROMINE 8607 NARROMINE NS AUS Card xx3319 Value Date: 25/07/2024","+1986.94"
27/07/2024,"-30.08","DD *DOORDASH GUZMANYGO MELBOURNE VI AUS Card xx3319 Value Date: 25/07/2024","+2079.67"
27/07/2024,"-63.50","AMPOL BROKEN HI 44416F BROKEN HILL AUS Card xx3319 Value Date: 24/07/2024","+2109.75"
27/07/2024,"-17.99","AMAZON AU RETAIL SYDNEY AUS Card xx3319 Value Date: 24/07/2024","+2173.25"
27/07/2024,"-42.18","AMAZON AU MARKETPLACE SYDNEY AUS Card xx3319 Value Date: 23/07/2024","+2191.24"
26/07/2024,"+200.00","Fast Transfer From DANIYAL AHMED to PayID Phone installment","+2233.42"
26/07/2024,"-32.00","Dominos Estore Broken dominos.com.a AU AUS Card xx3319 Value Date: 24/07/2024","+2033.42"
26/07/2024,"-22.00","COLES 4960COLES 4960 BROKEN HILL AU AUS Card xx3319 Value Date: 24/07/2024","+2065.42"
26/07/2024,"-48.68","COOMBES TRANSPORT MENINDEE NS AUS Card xx3319 Value Date: 24/07/2024","+2087.42"
26/07/2024,"-1.49","APPLE.COM/BILL SYDNEY AU AUS Card xx3319 Value Date: 23/07/2024","+2136.10"
26/07/2024,"-32.32","SMP*Noodle Sushi Bar Broken Hill AU AUS Card xx3319 Value Date: 24/07/2024","+2137.59"
26/07/2024,"-36.00","THE BROKEN HILL PUB BROKEN HILL AUS Card xx3319 Value Date: 23/07/2024","+2169.91"
25/07/2024,"-14.75","Hungry Jacks Broken Hill AU AUS Card xx3319 Value Date: 23/07/2024","+2205.91"
25/07/2024,"-58.90","COOMBES TRANSPORT MENINDEE NS AUS Card xx3319 Value Date: 23/07/2024","+2220.66"
25/07/2024,"-19.85","Subway Cobar Cobar NS AUS Card xx3319 Value Date: 22/07/2024","+2279.56"
25/07/2024,"-186.30","Hotel at Booking.com Sydney AU AUS Card xx3319 Value Date: 23/07/2024","+2299.41"
25/07/2024,"-47.40","DNH*GODADDY#3202900318 130-035-1076 AU AUS Card xx3319 Value Date: 22/07/2024","+2485.71"
24/07/2024,"-33.00","Dominos Estore Broken dominos.com.a AU AUS Card xx3319 Value Date: 22/07/2024","+2533.11"
24/07/2024,"-9.40","COLES 4960COLES 4960 BROKEN HILL AU AUS Card xx3319 Value Date: 22/07/2024","+2566.11"
24/07/2024,"-96.29","LIBERTY OIL AUSTRALI BOURKE NS AUS Card xx3319 Value Date: 22/07/2024","+2575.51"
24/07/2024,"-74.56","COBAR AUTO PORT COBAR NS AUS Card xx3319 Value Date: 22/07/2024","+2671.80"
24/07/2024,"-75.89","WOODHAM PETROLEUM SE WALGETT NS AUS Card xx3319 Value Date: 22/07/2024","+2746.36"
24/07/2024,"-92.90","BP QUIRINDI 8620 QUIRINDI NS AUS Card xx3319 Value Date: 21/07/2024","+2822.25"
24/07/2024,"-3.05","TRANSPORTFORNSW TAP SYDNEY AUS Card xx3319 Value Date: 21/07/2024","+2915.15"
24/07/2024,"-145.80","Hotel at Booking.com Sydney AU AUS Card xx3319 Value Date: 22/07/2024","+2918.20"
24/07/2024,"-112.11","AMPOL WILCANNIA WILCANNIA AUS Card xx3319 Value Date: 22/07/2024","+3064.00"
23/07/2024,"-1297.21","Transfer To CBH Fabrication CommBank App Source Water Payment","+3176.11"
23/07/2024,"+2000.00","Transfer from xx2405 CommBank app Transfer","+4473.32"
23/07/2024,"-22.30","DD *DOORDASH GUZMANYGO MELBOURNE VI AUS Card xx3319 Value Date: 19/07/2024","+2473.32"
23/07/2024,"-32.00","Dominos Estore Ermingt dominos.com.a AU AUS Card xx3319 Value Date: 20/07/2024","+2495.62"
23/07/2024,"-124.48","COLES EXPRESS 1583COLE KINGSFORD AU AUS Card xx3319 Value Date: 20/07/2024","+2527.62"
23/07/2024,"-10.00","WW METRO 1665 PARRAMATTA AU AUS Card xx3319 Value Date: 20/07/2024","+2652.10"
23/07/2024,"-8.60","COLES EXPRESS 1657COLE SINGLETON AU AUS Card xx3319 Value Date: 21/07/2024","+2662.10"
23/07/2024,"-18.46","UBER *TRIP Sydney AU AUS Card xx3319 Value Date: 20/07/2024","+2670.70"
23/07/2024,"-57.47","UBER *TRIP Sydney AU AUS Card xx3319 Value Date: 20/07/2024","+2689.16"
22/07/2024,"-975.00","Direct Debit 518073 ECA Professional EZYPAYID 326344508","+2746.63"
22/07/2024,"-12000.00","Transfer to xx2405 CommBank app Transfer","+3721.63"
22/07/2024,"+13846.69","Direct Credit 141000 SOURCE GLOBAL 129 130","+15721.63"
20/07/2024,"-18.50","Transfer To Kangxing Xie PayID Phone from CommBank App Food","+1874.94"
20/07/2024,"-14.07","DD *DOORDASH GUZMANYGO MELBOURNE VI AUS Card xx3319 Value Date: 18/07/2024","+1893.44"
20/07/2024,"-35.53","DD *DOORDASH ELJANNAH MELBOURNE VI AUS Card xx3319 Value Date: 18/07/2024","+1907.51"
20/07/2024,"-10.18","DD *DOORDASH COLES MELBOURNE VI AUS Card xx3319 Value Date: 18/07/2024","+1943.04"
19/07/2024,"-27.24","DD *DOORDASH PAKAFGHAN MELBOURNE VI AUS Card xx3319 Value Date: 16/07/2024","+1953.22"
19/07/2024,"-32.92","DD *DOORDASH GUZMANYGO MELBOURNE VI AUS Card xx3319 Value Date: 17/07/2024","+1980.46"
19/07/2024,"-14.07","DD *DOORDASH GUZMANYGO MELBOURNE VI AUS Card xx3319 Value Date: 17/07/2024","+2013.38"
19/07/2024,"-67.00","TELSTRA SERVICES MELBOURNE AUS Card xx3319 Value Date: 17/07/2024","+2027.45"
18/07/2024,"-27.24","DD *DOORDASH PAKAFGHAN MELBOURNE VI AUS Card xx3319 Value Date: 15/07/2024","+2094.45"
18/07/2024,"-17.52","DD *DOORDASH GUZMANYGO MELBOURNE VI AUS Card xx3319 Value Date: 16/07/2024","+2121.69"
17/07/2024,"+2000.00","Transfer from xx2405 CommBank app Transfer","+2139.21"
17/07/2024,"-13.42","DD *DOORDASH GUZMANYGO MELBOURNE VI AUS Card xx3319 Value Date: 15/07/2024","+139.21"
17/07/2024,"-3.05","TRANSPORTFORNSW TAP SYDNEY AUS Card xx3319 Value Date: 14/07/2024","+152.63"
16/07/2024,"-36.31","DD *DOORDASH RASHAYS MELBOURNE VI AUS Card xx3319 Value Date: 11/07/2024","+155.68"
16/07/2024,"-23.67","DD *DOORDASH GUZMANYGO MELBOURNE VI AUS Card xx3319 Value Date: 12/07/2024","+191.99"
16/07/2024,"-8.50","WW METRO 1665 PARRAMATTA AU AUS Card xx3319 Value Date: 13/07/2024","+215.66"
16/07/2024,"-5.90","WOOLWORTHS 1106 PARRAMATTA AU AUS Card xx3319 Value Date: 13/07/2024","+224.16"
16/07/2024,"-22.13","DD *DOORDASH GUZMANYGO MELBOURNE VI AUS Card xx3319 Value Date: 13/07/2024","+230.06"
16/07/2024,"-9.99","AMZNPRIMEAU MEMBERSHIP SYDNEY SOUTH NS AUS Card xx3319 Value Date: 14/07/2024","+252.19"
16/07/2024,"-65.81","ALI MEAT AND VEGETABLE LAKEMBA AU AUS Card xx3319 Value Date: 14/07/2024","+262.18"
16/07/2024,"-16.47","UBER *TRIP Sydney AU AUS Card xx3319 Value Date: 13/07/2024","+327.99"
16/07/2024,"-34.99","DD *DOORDASH GUZMANYGO MELBOURNE VI AUS Card xx3319 Value Date: 14/07/2024","+344.46"
13/07/2024,"-13.42","DD *DOORDASH GUZMANYGO MELBOURNE VI AUS Card xx3319 Value Date: 11/07/2024","+379.45"
13/07/2024,"-12.74","POST SILVERWATER BUSIN SILVERWATER AUS Card xx3319 Value Date: 11/07/2024","+392.87"
13/07/2024,"-15.97","AMAZON AU MARKETPLACE SYDNEY AUS Card xx3319 Value Date: 10/07/2024","+405.61"
13/07/2024,"-74.00","AMAZON AU MARKETPLACE SYDNEY AUS Card xx3319 Value Date: 10/07/2024","+421.58"
12/07/2024,"-1.15","International Transaction Fee Value Date: 10/07/2024","+495.58"
12/07/2024,"-32.73","OPENAI *CHATGPT SUBSCR SAN FRANCISCO CA USA Card xx3319 USD 22.00 Value Date: 11/07/2024","+496.73"
12/07/2024,"-22.89","DD *DOORDASH GUZMANYGO MELBOURNE VI AUS Card xx3319 Value Date: 10/07/2024","+529.46"
12/07/2024,"-20.83","DD *DOORDASH GUZMANYGO MELBOURNE VI AUS Card xx3319 Value Date: 10/07/2024","+552.35"
12/07/2024,"-38.40","DD *DOORDASH COLES MELBOURNE VI AUS Card xx3319 Value Date: 10/07/2024","+573.18"
11/07/2024,"-13.99","APPLE.COM/BILL SYDNEY NS AUS Card xx3319 Value Date: 09/07/2024","+611.58"
11/07/2024,"-6.50","BP SILVERWATER 7676 SILVERWATER NS AUS Card xx3319 Value Date: 08/07/2024","+625.57"
11/07/2024,"-145.00","NEN CULTURE NIVAR GR ESP Card xx3319 AUD 145.00 Value Date: 10/07/2024","+632.07"
11/07/2024,"-28.67","DD *DOORDASH GUZMANYGO MELBOURNE VI AUS Card xx3319 Value Date: 09/07/2024","+777.07"
11/07/2024,"-13.42","DD *DOORDASH GUZMANYGO MELBOURNE VI AUS Card xx3319 Value Date: 09/07/2024","+805.74"
11/07/2024,"-24.09","SHEIN.COM MELBOURNE AU AUS Card xx3319 Value Date: 10/07/2024","+819.16"
10/07/2024,"-1000.00","Transfer To T SHEIKH PayID Phone from CommBank App Loan","+843.25"
10/07/2024,"-28.64","DD *DOORDASH JAGSRISTO MELBOURNE VI AUS Card xx3319 Value Date: 08/07/2024","+1843.25"
10/07/2024,"-33.56","DD *DOORDASH GUZMANYGO MELBOURNE VI AUS Card xx3319 Value Date: 08/07/2024","+1871.89"
10/07/2024,"-65.26","INLAND PETROLEUM WALGETT AUS Card xx3319 Value Date: 05/07/2024","+1905.45"
09/07/2024,"-55.65","UBER* TRIP SYDNEY NS AUS Card xx3319 Value Date: 05/07/2024","+1970.71"
09/07/2024,"-32.00","Dominos Estore Ermingt dominos.com.a AU AUS Card xx3319 Value Date: 05/07/2024","+2026.36"
09/07/2024,"-22.99","BP MURRURUNDI 7759 MURRURUNDI NS AUS Card xx3319 Value Date: 05/07/2024","+2058.36"
09/07/2024,"-100.63","BP MURRURUNDI 7759 MURRURUNDI NS AUS Card xx3319 Value Date: 05/07/2024","+2081.35"
09/07/2024,"-50.02","Woodham Petroleum Serv Collarenebri NS AUS Card xx3319 Value Date: 04/07/2024","+2181.98"
09/07/2024,"-27.24","DD *DOORDASH PAKAFGHAN MELBOURNE VI AUS Card xx3319 Value Date: 05/07/2024","+2232.00"
09/07/2024,"-22.90","DIMOND FOOD GROUP PL WALGETT NS AUS Card xx3319 Value Date: 04/07/2024","+2259.24"
09/07/2024,"-16.99","Google YouTubePremium Barangaroo AU AUS Card xx3319 Value Date: 06/07/2024","+2282.14"
09/07/2024,"-180.90","TRUE PROTEIN SYDNEY NS AUS Card xx3319 Value Date: 07/07/2024","+2299.13"
09/07/2024,"-34.20","TRUE PROTEIN SYDNEY NS AUS Card xx3319 Value Date: 07/07/2024","+2480.03"
09/07/2024,"-27.24","DD *DOORDASH PAKAFGHAN MELBOURNE VI AUS Card xx3319 Value Date: 07/07/2024","+2514.23"
09/07/2024,"-31.18","DD *DOORDASH ELJANNAH MELBOURNE VI AUS Card xx3319 Value Date: 07/07/2024","+2541.47"
06/07/2024,"-41.05","IGA WALGETT WALGETT NS AUS Card xx3319 Value Date: 04/07/2024","+2572.65"
06/07/2024,"-7.70","RK & CA COCHRANE COLLARENEBRI NS AUS Card xx3319 Value Date: 04/07/2024","+2613.70"
05/07/2024,"-14.00","Transfer To ANDREW JOHNSTONE PayID Phone from CommBank App Food","+2621.40"
05/07/2024,"-53.06","WOODHAM PETROLEUM SE WALGETT NS AUS Card xx3319 Value Date: 03/07/2024","+2635.40"
05/07/2024,"-8.31","IGA WALGETT WALGETT NS AUS Card xx3319 Value Date: 03/07/2024","+2688.46"
05/07/2024,"-44.35","BREWARRINA FRIENDLY BREWARRINA NS AUS Card xx3319 Value Date: 03/07/2024","+2696.77"
05/07/2024,"-38.80","DIMOND FOOD GROUP PL WALGETT NS AUS Card xx3319 Value Date: 02/07/2024","+2741.12"
05/07/2024,"-15.67","MUDDY WATERS BREWARRIN BREWARRINA AUS Card xx3319 Value Date: 03/07/2024","+2779.92"
04/07/2024,"-33.00","GOODOOGA STORE BERRIMAH NT AUS Card xx3319 Value Date: 02/07/2024","+2795.59"
04/07/2024,"-27.80","KHANS SUPA IGA LT RDG LIGHTNING RID AUS Card xx3319 Value Date: 02/07/2024","+2828.59"
04/07/2024,"-82.58","AMPOL LIGHTNING RIDGE LIGHTNING RID AUS Card xx3319 Value Date: 02/07/2024","+2856.39"
04/07/2024,"-27.24","LIGHTNING RIDGE MINING LIGHTNING RID AUS Card xx3319 Value Date: 02/07/2024","+2938.97"
04/07/2024,"-23.50","LIGHTNING RIDGE MINING LIGHTNING RID AUS Card xx3319 Value Date: 02/07/2024","+2966.21"
04/07/2024,"+27.24","Return LIGHTNING RIDGE MINING LIGHTNING RID AUS Card xx3319 Value Date: 02/07/2024","+2989.71"
03/07/2024,"-500.00","Cardless Cash for collection Rent","+2962.47"
03/07/2024,"-82.08","WOODHAM PETROLEUM SE WALGETT NS AUS Card xx3319 Value Date: 29/06/2024","+3462.47"
03/07/2024,"-315.75","G2ABVSHOP AMSTERDAM NLD Card xx3319 AUD 315.75 Value Date: 30/06/2024","+3544.55"
03/07/2024,"-13.99","CRUNCHYROLL.COM COPPELL TX USA Card xx3319 AUD 13.99 Value Date: 02/07/2024","+3860.30"
03/07/2024,"-5.95","Walgett Newsagency Walgett NS AUS Card xx3319 Value Date: 02/07/2024","+3874.29"
03/07/2024,"-37.80","DIMOND FOOD GROUP PL WALGETT NS AUS Card xx3319 Value Date: 29/06/2024","+3880.24"
03/07/2024,"-22.90","DIMOND FOOD GROUP PL WALGETT NS AUS Card xx3319 Value Date: 28/06/2024","+3918.04"
02/07/2024,"-337.18","HERTZ GWH TAMWORTH NS AUS Card xx3319 Value Date: 27/06/2024","+3940.94"
02/07/2024,"-7.50","WOODHAM PETROLEUM SE WALGETT NS AUS Card xx3319 Value Date: 28/06/2024","+4278.12"
02/07/2024,"-64.14","WOODHAM PETROLEUM SE WALGETT NS AUS Card xx3319 Value Date: 28/06/2024","+4285.62"
02/07/2024,"-15.55","MCDONALDS MOREE MOREE AUS Card xx3319 Value Date: 27/06/2024","+4349.76"
02/07/2024,"-78.74","PEGASUS PETROLEUM MO MOREE AUS Card xx3319 Value Date: 27/06/2024","+4365.31"
02/07/2024,"-18.70","MUDDY WATERS BREWARRIN BREWARRINA AUS Card xx3319 Value Date: 28/06/2024","+4444.05"
02/07/2024,"-47.99","BREWARRINA FRIENDLY BREWARRINA NS AUS Card xx3319 Value Date: 29/06/2024","+4462.75"
02/07/2024,"-15.67","MUDDY WATERS BREWARRIN BREWARRINA AUS Card xx3319 Value Date: 29/06/2024","+4510.74"
02/07/2024,"-13.99","Google Workspace Sydney AU AUS Card xx3319 Value Date: 30/06/2024","+4526.41"
01/07/2024,"-69.85","Direct Debit 000488 NIB 62112235","+4540.40"
01/07/2024,"-22.90","DIMOND FOOD GROUP PL WALGETT NSWAU","+4610.25"
01/07/2024,"-72.30","Ampol Bourke Bourke AU","+4633.15"
01/07/2024,"-64.80","KHANS IGA BOURKE BOURKE NSWAU","+4705.45"
01/07/2024,"-10.54","JA AND TL MILGATE PTY LTDBOURKE AU","+4770.25"
30/06/2024,"-75.46","WOODHAM PETROLEUM S WALGETT AU","+4780.79"
30/06/2024,"-46.95","IGA WALGETT WALGETT AU","+4856.25"
29/06/2024,"-38.12","MOREE MITRE10 MOREE NS AUS Card xx3319 Value Date: 27/06/2024","+4903.20"
29/06/2024,"-78.26","AMPOL LIGHTNING RIDGE LIGHTNING RID AUS Card xx3319 Value Date: 27/06/2024","+4941.32"
28/06/2024,"-9.99","DD *DOORDASHDASHPASS MELBOURNE VI AUS Card xx3319 Value Date: 26/06/2024","+5019.58"
28/06/2024,"-21.83","Steves Takeaway Lightning Rid NS AUS Card xx3319 Value Date: 26/06/2024","+5029.57"
28/06/2024,"-2.00","LIGHT RIDGE DIST BOWL LIGHTNING RID AUS Card xx3319 Value Date: 25/06/2024","+5051.40"
28/06/2024,"-29.90","AMPOL LIGHTNING RIDGE LIGHTNING RID AUS Card xx3319 Value Date: 26/06/2024","+5053.40"
27/06/2024,"-30.50","BP MOREE 7195 MOREE AU","+5083.30"
27/06/2024,"-67.14","BP MOREE 7195 MOREE AU","+5113.80"
27/06/2024,"-112.70","COLES 4473 MOREE AU","+5180.94"
27/06/2024,"-27.89","Wattle Bistro Lightning Rid NS AUS Card xx3319 Value Date: 25/06/2024","+5293.64"
27/06/2024,"-163.72","BP SILVERWATER 7676 SILVERWATER NS AUS Card xx3319 Value Date: 24/06/2024","+5321.53"
27/06/2024,"-23.44","GOODOOGA STORE BERRIMAH NT AUS Card xx3319 Value Date: 25/06/2024","+5485.25"
27/06/2024,"-22.15","Subway Mudgee Mudgee NS AUS Card xx3319 Value Date: 24/06/2024","+5508.69"
27/06/2024,"-11.18","SMP*The Busy Bee Cafe Lightning Rid AU AUS Card xx3319 Value Date: 25/06/2024","+5530.84"
27/06/2024,"-5.00","LIGHT RIDGE DIST BOWL LIGHTNING RID AUS Card xx3319 Value Date: 24/06/2024","+5542.02"
27/06/2024,"-119.89","INLAND PETROLEUM GILGANDRA AUS Card xx3319 Value Date: 24/06/2024","+5547.02"
27/06/2024,"-63.58","AMPOL LIGHTNING RIDGE LIGHTNING RID AUS Card xx3319 Value Date: 25/06/2024","+5666.91"
27/06/2024,"-34.40","AMPOL LIGHTNING RIDGE LIGHTNING RID AUS Card xx3319 Value Date: 25/06/2024","+5730.49"
27/06/2024,"-60.67","AMAZON AU MARKETPLACE SYDNEY AUS Card xx3319 Value Date: 24/06/2024","+5764.89"
26/06/2024,"-29.40","COLES 5753COLES 5753 MUDGEE AU AUS Card xx3319 Value Date: 24/06/2024","+5825.56"
26/06/2024,"-27.89","Wattle Bistro Lightning Rid NS AUS Card xx3319 Value Date: 24/06/2024","+5854.96"
26/06/2024,"-32.68","DD *DOORDASH MONTYSPIZ MELBOURNE VI AUS Card xx3319 Value Date: 23/06/2024","+5882.85"
26/06/2024,"-17.00","COLES EXPRESS 1734COLE STH BOWENFELS AU AUS Card xx3319 Value Date: 24/06/2024","+5915.53"
26/06/2024,"-7.99","APPLE.COM/BILL SYDNEY NS AUS Card xx3319 Value Date: 24/06/2024","+5932.53"
26/06/2024,"-9.98","BP AUBURN 0759 AUBURN NS AUS Card xx3319 Value Date: 21/06/2024","+5940.52"
26/06/2024,"-64.82","G2ABVSHOP AMSTERDAM NLD Card xx3319 AUD 64.82 Value Date: 23/06/2024","+5950.50"
26/06/2024,"-49.64","G2ABVSHOP AMSTERDAM NLD Card xx3319 AUD 49.64 Value Date: 23/06/2024","+6015.32"
26/06/2024,"-17.45","PARRA GROUP PL PARRAMATTA AUS Card xx3319 Value Date: 22/06/2024","+6064.96"
26/06/2024,"+28.00","Return AMAZON AU MARKETPLACE SYDNEY AUS Card xx3319 Value Date: 24/06/2024","+6082.41"
26/06/2024,"+445.73","Return AMAZON AU MARKETPLACE SYDNEY AUS Card xx3319 Value Date: 24/06/2024","+6054.41"
25/06/2024,"-30.00","Dominos Estore Ermingt dominos.com.a AU AUS Card xx3319 Value Date: 21/06/2024","+5608.68"
25/06/2024,"-23.23","DD *DOORDASH RASHAYS MELBOURNE VI AUS Card xx3319 Value Date: 20/06/2024","+5638.68"
25/06/2024,"-24.43","DD *DOORDASH ENZOSCUCI MELBOURNE VI AUS Card xx3319 Value Date: 20/06/2024","+5661.91"
25/06/2024,"-27.24","DD *DOORDASH PAKAFGHAN MELBOURNE VI AUS Card xx3319 Value Date: 21/06/2024","+5686.34"
25/06/2024,"-25.25","WOOLWORTHS 1106 PARRAMATTA AU AUS Card xx3319 Value Date: 22/06/2024","+5713.58"
25/06/2024,"-27.24","DD *DOORDASH PAKAFGHAN MELBOURNE VI AUS Card xx3319 Value Date: 22/06/2024","+5738.83"
25/06/2024,"-2.90","TRANSPORTFORNSW TAP SYDNEY AUS Card xx3319 Value Date: 22/06/2024","+5766.07"
25/06/2024,"-1.49","APPLE.COM/BILL SYDNEY NS AUS Card xx3319 Value Date: 23/06/2024","+5768.97"
25/06/2024,"-9.32","UBER *TRIP Sydney AU AUS Card xx3319 Value Date: 22/06/2024","+5770.46"
25/06/2024,"-25.50","DD *DOORDASH WILDBEANC MELBOURNE VI AUS Card xx3319 Value Date: 23/06/2024","+5779.78"
25/06/2024,"-27.24","DD *DOORDASH PAKAFGHAN MELBOURNE VI AUS Card xx3319 Value Date: 23/06/2024","+5805.28"
25/06/2024,"-2.90","TRANSPORTFORNSW TAP SYDNEY AUS Card xx3319 Value Date: 23/06/2024","+5832.52"
24/06/2024,"-975.00","Direct Debit 518073 ECA Professional EZYPAYID 326269523","+5835.42"
24/06/2024,"+5121.61","Direct Credit 141000 SOURCE GLOBAL 128","+6810.42"
23/06/2024,"-500.00","Transfer To MUHAMMAD ADNAN SHAIKH PayID Phone from CommBank App Loan","+1688.81"
22/06/2024,"-500.00","Cardless Cash for collection Rent","+2188.81"
22/06/2024,"-20.53","UBER *TRIP Sydney AU AUS Card xx3319 Value Date: 20/06/2024","+2688.81"
22/06/2024,"-23.97","DD *DOORDASH PAKAFGHAN MELBOURNE VI AUS Card xx3319 Value Date: 20/06/2024","+2709.34"
22/06/2024,"-29.41","AMAZON AU MARKETPLACE SYDNEY AUS Card xx3319 Value Date: 16/06/2024","+2733.31"
21/06/2024,"-4.99","BP AUBURN 0759 AUBURN NS AUS Card xx3319 Value Date: 18/06/2024","+2762.72"
21/06/2024,"-29.42","DD *DOORDASH PAKAFGHAN MELBOURNE VI AUS Card xx3319 Value Date: 18/06/2024","+2767.71"
21/06/2024,"-35.34","DD *DOORDASH MADMEX MELBOURNE VI AUS Card xx3319 Value Date: 19/06/2024","+2797.13"
21/06/2024,"-35.83","AMAZON AU MARKETPLACE SYDNEY AUS Card xx3319 Value Date: 18/06/2024","+2832.47"
21/06/2024,"-2.90","TRANSPORTFORNSW TAP SYDNEY AUS Card xx3319 Value Date: 19/06/2024","+2868.30"
20/06/2024,"-40.00","KM PARRAMATTA P/L PARRAMATTA NSWAU","+2871.20"
20/06/2024,"-619.95","YD PTY LTD 604 PARRAMATTA AU","+2911.20"
20/06/2024,"+2000.00","Transfer from xx2405 CommBank app Transfer","+3531.15"
20/06/2024,"-9.00","WOOLWORTHS 1106 PARRAMATTA NSW AU","+1531.15"
20/06/2024,"-95.00","JD SPORTS FASHION AUST PARRAMATTA AU","+1540.15"
20/06/2024,"-32.00","Dominos Estore Ermingt dominos.com.a AU AUS Card xx3319 Value Date: 18/06/2024","+1635.15"
20/06/2024,"-9.98","BP AUBURN 0759 AUBURN NS AUS Card xx3319 Value Date: 17/06/2024","+1667.15"
20/06/2024,"-26.16","DD *DOORDASH STUDENTBI MELBOURNE VI AUS Card xx3319 Value Date: 17/06/2024","+1677.13"
20/06/2024,"-31.61","DD *DOORDASH BEANSANDB MELBOURNE VI AUS Card xx3319 Value Date: 18/06/2024","+1703.29"
20/06/2024,"-29.00","AMAZON AU MARKETPLACE SYDNEY AUS Card xx3319 Value Date: 17/06/2024","+1734.90"
20/06/2024,"-15.39","AMAZON AU MARKETPLACE SYDNEY AUS Card xx3319 Value Date: 17/06/2024","+1763.90"
20/06/2024,"-31.42","AMAZON AU MARKETPLACE SYDNEY AUS Card xx3319 Value Date: 17/06/2024","+1779.29"
19/06/2024,"-19.85","UBER *TRIP Sydney AU AUS Card xx3319 Value Date: 17/06/2024","+1810.71"
19/06/2024,"-50.12","DD *DOORDASH PAKAFGHAN MELBOURNE VI AUS Card xx3319 Value Date: 17/06/2024","+1830.56"
19/06/2024,"-17.99","AMAZON AU RETAIL SYDNEY AUS Card xx3319 Value Date: 15/06/2024","+1880.68"
19/06/2024,"-2.90","TRANSPORTFORNSW TAP SYDNEY AUS Card xx3319 Value Date: 16/06/2024","+1898.67"
19/06/2024,"-67.00","TELSTRA SERVICES MELBOURNE AUS Card xx3319 Value Date: 17/06/2024","+1901.57"
18/06/2024,"-9.99","AMZNPRIMEAU MEMBERSHIP SYDNEY SOUTH NS AUS Card xx3319 Value Date: 14/06/2024","+1968.57"
18/06/2024,"-793.50","SIXT AU . ARTARMON ARTARMON AU AUS Card xx3319 Value Date: 11/06/2024","+1978.56"
18/06/2024,"-53.80","UBER *TRIP Sydney AU AUS Card xx3319 Value Date: 14/06/2024","+2772.06"
18/06/2024,"-32.06","DD *DOORDASH CHOUCHOUB MELBOURNE VI AUS Card xx3319 Value Date: 14/06/2024","+2825.86"
18/06/2024,"-37.47","DD *DOORDASH BAYVISTAD MELBOURNE VI AUS Card xx3319 Value Date: 14/06/2024","+2857.92"
18/06/2024,"-23.97","DD *DOORDASH PAKAFGHAN MELBOURNE VI AUS Card xx3319 Value Date: 14/06/2024","+2895.39"
18/06/2024,"-51.21","DD *DOORDASH PAKAFGHAN MELBOURNE VI AUS Card xx3319 Value Date: 15/06/2024","+2919.36"
18/06/2024,"-34.10","Dominos Estore Ermingt dominos.com.a AU AUS Card xx3319 Value Date: 16/06/2024","+2970.57"
18/06/2024,"-19.83","UBER *TRIP Sydney AU AUS Card xx3319 Value Date: 15/06/2024","+3004.67"
18/06/2024,"-35.56","DD *DOORDASH BAYVISTAD MELBOURNE VI AUS Card xx3319 Value Date: 16/06/2024","+3024.50"
18/06/2024,"-26.14","DD *DOORDASH AUBURNFRE MELBOURNE VI AUS Card xx3319 Value Date: 16/06/2024","+3060.06"
17/06/2024,"-7000.00","Transfer to xx2405 CommBank app Transfer","+3086.20"
17/06/2024,"+8176.54","Direct Credit 141000 SOURCE GLOBAL 126 127","+10086.20"
15/06/2024,"-3.00","WW METRO 1665 PARRAMATTA NSW AU","+1909.66"
15/06/2024,"-16.14","1915 Lanzhou Beef Noodles142 Church StAU","+1912.66"
15/06/2024,"-4.00","WW METRO 1665 PARRAMATTA NSW AU","+1928.80"
15/06/2024,"-151.50","COPPER CITY MOTEL COBAR AU AUS Card xx3319 Value Date: 12/06/2024","+1932.80"
15/06/2024,"-9.10","BP DUBBO WEST 7453 DUBBO NS AUS Card xx3319 Value Date: 12/06/2024","+2084.30"
15/06/2024,"-18.30","Subway Cobar Cobar NS AUS Card xx3319 Value Date: 12/06/2024","+2093.40"
15/06/2024,"-14.80","Hungry Jacks Lake Haven AU AUS Card xx3319 Value Date: 13/06/2024","+2111.70"
14/06/2024,"-26.13","AMPOL LANE COVE 28791F LANE COVE WESAU","+2126.50"
14/06/2024,"-12.50","SQ *COBAR HOT BAKE Cobar NS AUS Card xx3319 Value Date: 13/06/2024","+2152.63"
14/06/2024,"-32.90","COBAR THAI RESTAURANT COBAR AUS Card xx3319 Value Date: 12/06/2024","+2165.13"
14/06/2024,"-30.80","AMPOL WYONG P N 28593F WYONG AUS Card xx3319 Value Date: 11/06/2024","+2198.03"
14/06/2024,"-106.49","AMAZON AU MARKETPLACE SYDNEY AUS Card xx3319 Value Date: 09/06/2024","+2228.83"
13/06/2024,"-120.73","AMPOL LAKE HAVE 22750F LAKE HAVEN AU","+2335.32"
13/06/2024,"+1000.00","Transfer from xx2405 CommBank app Transfer","+2456.05"
13/06/2024,"-14.50","Hungry Jacks Burgers Alexandria AU AUS Card xx3319 Value Date: 11/06/2024","+1456.05"
13/06/2024,"-47.17","UBER *TRIP Sydney AU AUS Card xx3319 Value Date: 11/06/2024","+1470.55"
13/06/2024,"-28.83","DD *DOORDASH CARLSJR. MELBOURNE VI AUS Card xx3319 Value Date: 11/06/2024","+1517.72"
13/06/2024,"-19.56","AMAZON AU RETAIL SYDNEY AUS Card xx3319 Value Date: 09/06/2024","+1546.55"
13/06/2024,"-25.99","AMAZON AU MARKETPLACE SYDNEY AUS Card xx3319 Value Date: 09/06/2024","+1566.11"
12/06/2024,"-26.16","DD *DOORDASH BAR.B.QTO MELBOURNE VI AUS Card xx3319 Value Date: 09/06/2024","+1592.10"
12/06/2024,"-4.99","BP AUBURN 0759 AUBURN NS AUS Card xx3319 Value Date: 08/06/2024","+1618.26"
12/06/2024,"-26.14","DD *DOORDASH AUBURNFRE MELBOURNE VI AUS Card xx3319 Value Date: 09/06/2024","+1623.25"
12/06/2024,"-1.17","International Transaction Fee Value Date: 10/06/2024","+1649.39"
12/06/2024,"-33.44","OPENAI *CHATGPT SUBSCR SAN FRANCISCO CA USA Card xx3319 USD 22.00 Value Date: 10/06/2024","+1650.56"
12/06/2024,"-23.97","DD *DOORDASH PAKAFGHAN MELBOURNE VI AUS Card xx3319 Value Date: 10/06/2024","+1684.00"
12/06/2024,"-28.64","DD *DOORDASH JAGSRISTO MELBOURNE VI AUS Card xx3319 Value Date: 10/06/2024","+1707.97"
12/06/2024,"-8.99","AMAZON AU MARKETPLACE SYDNEY AUS Card xx3319 Value Date: 09/06/2024","+1736.61"
11/06/2024,"-24.83","DD *DOORDASH BAYVISTAD MELBOURNE VI AUS Card xx3319 Value Date: 06/06/2024","+1745.60"
11/06/2024,"-4.99","Google YouTube Videos Pyrmont AU AUS Card xx3319 Value Date: 07/06/2024","+1770.43"
11/06/2024,"-996.00","Dyson Appliances Au Taren Point AU AUS Card xx3319 Value Date: 05/06/2024","+1775.42"
11/06/2024,"-749.00","Dyson Appliances Au Taren Point AU AUS Card xx3319 Value Date: 05/06/2024","+2771.42"
11/06/2024,"-44.39","POST SILVERWATER BUSIN SILVERWATER AUS Card xx3319 Value Date: 07/06/2024","+3520.42"
11/06/2024,"-16.69","AMAZON AU MARKETPLACE SYDNEY AUS Card xx3319 Value Date: 06/06/2024","+3564.81"
11/06/2024,"-98.05","AMAZON AU MARKETPLACE SYDNEY AUS Card xx3319 Value Date: 06/06/2024","+3581.50"
11/06/2024,"-26.14","DD *DOORDASH AUBURNFRE MELBOURNE VI AUS Card xx3319 Value Date: 07/06/2024","+3679.55"
11/06/2024,"-23.97","DD *DOORDASH PAKAFGHAN MELBOURNE VI AUS Card xx3319 Value Date: 08/06/2024","+3705.69"
11/06/2024,"-21.80","DD *DOORDASH GRANVILLE MELBOURNE VI AUS Card xx3319 Value Date: 08/06/2024","+3729.66"
11/06/2024,"-49.91","AMAZON AU MARKETPLACE SYDNEY AUS Card xx3319 Value Date: 06/06/2024","+3751.46"
11/06/2024,"-34.34","DD *DOORDASH SHAAHILOU MELBOURNE VI AUS Card xx3319 Value Date: 08/06/2024","+3801.37"
11/06/2024,"-23.97","DD *DOORDASH PAKAFGHAN MELBOURNE VI AUS Card xx3319 Value Date: 09/06/2024","+3835.71"
11/06/2024,"-50.99","AMAZON AU MARKETPLACE SYDNEY AUS Card xx3319 Value Date: 06/06/2024","+3859.68"
08/06/2024,"-9.48","OFFICEWORKS 0272 AUBURN AU AUS Card xx3319 Value Date: 06/06/2024","+3910.67"
08/06/2024,"-16.99","Google YouTubePremium Barangaroo AU AUS Card xx3319 Value Date: 06/06/2024","+3920.15"
08/06/2024,"-8.48","UBER *TRIP Sydney AU AUS Card xx3319 Value Date: 06/06/2024","+3937.14"
08/06/2024,"-50.12","DD *DOORDASH PAKAFGHAN MELBOURNE VI AUS Card xx3319 Value Date: 06/06/2024","+3945.62"
08/06/2024,"-28.64","DD *DOORDASH JAGSRISTO MELBOURNE VI AUS Card xx3319 Value Date: 06/06/2024","+3995.74"
08/06/2024,"-0.98","OFFICEWORKS 0272 Aubur Auburn AU AUS Card xx3319 Value Date: 06/06/2024","+4024.38"
08/06/2024,"-68.80","AMAZON AU MARKETPLACE SYDNEY AUS Card xx3319 Value Date: 06/06/2024","+4025.36"
07/06/2024,"-42.96","DD *DOORDASH HIMALAYA MELBOURNE VI AUS Card xx3319 Value Date: 05/06/2024","+4094.16"
07/06/2024,"-21.80","DD *DOORDASH KARACHIBI MELBOURNE VI AUS Card xx3319 Value Date: 05/06/2024","+4137.12"
07/06/2024,"-38.89","DD *DOORDASH COLES MELBOURNE VI AUS Card xx3319 Value Date: 05/06/2024","+4158.92"
07/06/2024,"-22.00","Dominos Estore Ermingt dominos.com.a AU AUS Card xx3319 Value Date: 05/06/2024","+4197.81"
06/06/2024,"+1500.00","Transfer from xx2405 CommBank app Transfer","+4219.81"
06/06/2024,"-135.00","Hotel at Booking.com","+2719.81"
06/06/2024,"-80.00","Hotel at Booking.com","+2854.81"
06/06/2024,"-26.15","DD *DOORDASH PAKAFGHAN MELBOURNE VI AUS Card xx3319 Value Date: 04/06/2024","+2934.81"
06/06/2024,"-11.06","DD *DOORDASH COLES MELBOURNE VI AUS Card xx3319 Value Date: 04/06/2024","+2960.96"
05/06/2024,"+1500.00","Transfer from xx2405 CommBank app Transfer","+2972.02"
05/06/2024,"-110.00","Transfer To gbc building CommBank App Invoice 19262","+1472.02"
05/06/2024,"-29.21","DD *DOORDASH LATTEONTH MELBOURNE VI AUS Card xx3319 Value Date: 03/06/2024","+1582.02"
05/06/2024,"-30.00","Dominos Estore Ermingt dominos.com.a AU AUS Card xx3319 Value Date: 03/06/2024","+1611.23"
05/06/2024,"-33.25","DD *DOORDASH KARACHIBI MELBOURNE VI AUS Card xx3319 Value Date: 02/06/2024","+1641.23"
05/06/2024,"-2.90","TRANSPORTFORNSW TAP SYDNEY AUS Card xx3319 Value Date: 02/06/2024","+1674.48"
05/06/2024,"-17.45","PARRA GROUP PL PARRAMATTA AUS Card xx3319 Value Date: 02/06/2024","+1677.38"
05/06/2024,"-2.90","TRANSPORTFORNSW TAP SYDNEY AUS Card xx3319 Value Date: 03/06/2024","+1694.83"
04/06/2024,"-13.99","CRUNCHYROLL.COM COPPELL TX USA Card xx3319 AUD 13.99 Value Date: 01/06/2024","+1697.73"
04/06/2024,"-5.33","TRANSPORTFORNSW TAP SYDNEY AUS Card xx3319 Value Date: 30/05/2024","+1711.72"
04/06/2024,"-4.05","WW METRO 1665 PARRAMATTA AU AUS Card xx3319 Value Date: 01/06/2024","+1717.05"
04/06/2024,"-27.80","DD *DOORDASH GRANVILLE MELBOURNE VI AUS Card xx3319 Value Date: 01/06/2024","+1721.10"
04/06/2024,"-50.36","DD *DOORDASH ELJANNAH MELBOURNE VI AUS Card xx3319 Value Date: 31/05/2024","+1748.90"
04/06/2024,"-35.32","DD *DOORDASH BURGERVIL MELBOURNE VI AUS Card xx3319 Value Date: 01/06/2024","+1799.26"
04/06/2024,"-19.41","UBER* TRIP SYDNEY NS AUS Card xx3319 Value Date: 01/06/2024","+1834.58"
04/06/2024,"-13.99","APPLE.COM/BILL SYDNEY AU AUS Card xx3319 Value Date: 31/05/2024","+1853.99"
04/06/2024,"-25.50","DD *DOORDASH WILDBEANC MELBOURNE VI AUS Card xx3319 Value Date: 02/06/2024","+1867.98"
04/06/2024,"-18.84","UBER *TRIP Sydney AU AUS Card xx3319 Value Date: 02/06/2024","+1893.48"
03/06/2024,"-69.85","Direct Debit 000488 NIB 62112235","+1912.32"
02/06/2024,"-1100.00","Wdl ATM CBA ATM AUBURN A NSW 210701 AUS","+1982.17"
02/06/2024,"+1020.00","Transfer from xx2405 CommBank app Transfer","+3082.17"
01/06/2024,"-21.80","DD *DOORDASH GRANVILLE MELBOURNE VI AUS Card xx3319 Value Date: 30/05/2024","+2062.17"
01/06/2024,"-23.32","DD *DOORDASH AUBURNFRE MELBOURNE VI AUS Card xx3319 Value Date: 29/05/2024","+2083.97"
01/06/2024,"-37.06","DD *DOORDASH STUDENTBI MELBOURNE VI AUS Card xx3319 Value Date: 30/05/2024","+2107.29"
01/06/2024,"-13.99","Google Workspace Sydney AU AUS Card xx3319 Value Date: 30/05/2024","+2144.35"
31/05/2024,"-50.12","DD *DOORDASH PAKAFGHAN MELBOURNE VI AUS Card xx3319 Value Date: 29/05/2024","+2158.34"
30/05/2024,"-1000.00","Transfer To MUHAMMAD ADNAN SHAIKH PayID Phone from CommBank App Loan","+2208.46"
30/05/2024,"+2000.00","Transfer from xx2405 CommBank app Transfer","+3208.46"
30/05/2024,"+500.00","Fast Transfer From LABEEB VADAKKAYIL to PayID Phone Labeeb","+1208.46"
30/05/2024,"-5.65","COLES 0825 CASTLE HILL AU AUS Card xx3319 Value Date: 28/05/2024","+708.46"
30/05/2024,"-4.99","BP AUBURN 0759 AUBURN NS AUS Card xx3319 Value Date: 27/05/2024","+714.11"
30/05/2024,"-24.55","SQ *TUTTI FRUITTI PARR Parramatta NS AUS Card xx3319 Value Date: 28/05/2024","+719.10"
30/05/2024,"-34.66","DD *DOORDASH CHUBBYBUN MELBOURNE VI AUS Card xx3319 Value Date: 27/05/2024","+743.65"
30/05/2024,"-43.67","UBER *TRIP Sydney AU AUS Card xx3319 Value Date: 28/05/2024","+778.31"
30/05/2024,"-14.13","UBER *TRIP Sydney AU AUS Card xx3319 Value Date: 28/05/2024","+821.98"
29/05/2024,"-7.99","APPLE.COM/BILL SYDNEY AU AUS Card xx3319 Value Date: 24/05/2024","+836.11"
29/05/2024,"-42.49","DD *DOORDASH PAKAFGHAN MELBOURNE VI AUS Card xx3319 Value Date: 27/05/2024","+844.10"
29/05/2024,"-2.80","TRANSPORTFORNSW TAP SYDNEY AUS Card xx3319 Value Date: 27/05/2024","+886.59"
28/05/2024,"+22.00","Fast Transfer From ABDUL M NAZARI Pak-Afghan restaurant","+889.39"
28/05/2024,"-15.00","Transfer To M MALIK PayID Phone from CommBank App Nashta","+867.39"
28/05/2024,"-44.80","UBER *TRIP Sydney AU AUS Card xx3319 Value Date: 24/05/2024","+882.39"
28/05/2024,"-21.80","DD *DOORDASH STUDENTBI MELBOURNE VI AUS Card xx3319 Value Date: 24/05/2024","+927.19"
28/05/2024,"-28.64","DD *DOORDASH JAGSRISTO MELBOURNE VI AUS Card xx3319 Value Date: 24/05/2024","+948.99"
28/05/2024,"-21.80","DD *DOORDASH GRANVILLE MELBOURNE VI AUS Card xx3319 Value Date: 25/05/2024","+977.63"
28/05/2024,"-9.99","DD *DOORDASHDASHPASS MELBOURNE VI AUS Card xx3319 Value Date: 26/05/2024","+999.43"
28/05/2024,"-38.09","UBER *TRIP Sydney AU AUS Card xx3319 Value Date: 26/05/2024","+1009.42"
28/05/2024,"-19.72","UBER *TRIP Sydney AU AUS Card xx3319 Value Date: 25/05/2024","+1047.51"
28/05/2024,"-2.90","TRANSPORTFORNSW TAP SYDNEY AUS Card xx3319 Value Date: 26/05/2024","+1067.23"
27/05/2024,"-975.00","Direct Debit 518073 ECA Professional EZYPAYID 326187316","+1070.13"
26/05/2024,"+1500.00","Transfer from xx2405 CommBank app Transfer","+2045.13"
25/05/2024,"-5.00","WW METRO 1665 PARRAMATTA NSW AU","+545.13"
25/05/2024,"-1.49","APPLE.COM/BILL SYDNEY NS AUS Card xx3319 Value Date: 23/05/2024","+550.13"
25/05/2024,"-44.99","DD *DOORDASH PAKAFGHAN MELBOURNE VI AUS Card xx3319 Value Date: 23/05/2024","+551.62"
24/05/2024,"-63.19","AMPOL ALEXANDRI 22135F ALEXANDRIA AU","+596.61"
24/05/2024,"-264.10","Trip.com Internet AU AUS Card xx3319 Value Date: 22/05/2024","+659.80"
24/05/2024,"-59.00","DD *DOORDASH BIRYANIHU MELBOURNE VI AUS Card xx3319 Value Date: 22/05/2024","+923.90"
24/05/2024,"-250.00","Hotel at Booking.com Sydney AU AUS Card xx3319 Value Date: 21/05/2024","+982.90"
24/05/2024,"-445.73","AMAZON AU MARKETPLACE SYDNEY AUS Card xx3319 Value Date: 20/05/2024","+1232.90"
23/05/2024,"-103.37","SUNSHINE FUELS PTY L TEMORA AU","+1678.63"
23/05/2024,"-4.80","SUNSHINE FUELS PTY L TEMORA AU","+1782.00"
23/05/2024,"-19.00","SQ *FATZ BURGER CO Temora AU","+1786.80"
23/05/2024,"-15.00","Dominos Estore Broken dominos.com.a AU AUS Card xx3319 Value Date: 21/05/2024","+1805.80"
22/05/2024,"-75.00","Transfer To PY CommBank App Syed Haider Hussain Shah","+1820.80"
22/05/2024,"-79.98","CALTEX IVANHOE IVANHOE AU","+1895.80"
22/05/2024,"-18.00","Dominos Estore Broken dominos.com.a AU AUS Card xx3319 Value Date: 20/05/2024","+1975.78"
21/05/2024,"-774.00","Transfer To Zarrar Ahmed Khan CommBank App Source pay","+1993.78"
21/05/2024,"+1000.00","Transfer from xx2405 CommBank app Transfer","+2767.78"
21/05/2024,"-19.05","MCDONALDS BROKEN HILL BROKEN HILL NSWAU","+1767.78"
21/05/2024,"-64.52","OTR BROKEN HILL STH BROKEN HILL SOUT AU","+1786.83"
21/05/2024,"-38.00","JORGE ROLENDIO OVIEDO BROKEN HILL AU AUS Card xx3319 Value Date: 17/05/2024","+1851.35"
21/05/2024,"-27.80","WOOLWORTHS 5662 BROKEN HILL AU AUS Card xx3319 Value Date: 17/05/2024","+1889.35"
21/05/2024,"-12.00","AMPOL WILCANNIA WILCANNIA NS AUS Card xx3319 Value Date: 17/05/2024","+1917.15"
21/05/2024,"-46.10","WILCANNIA STORE BERRIMAH NT AUS Card xx3319 Value Date: 17/05/2024","+1929.15"
21/05/2024,"-60.26","SRILAX PTY LTD BROKEN HILL NS AUS Card xx3319 Value Date: 17/05/2024","+1975.25"
21/05/2024,"-25.00","Dominos Estore Broken dominos.com.a AU AUS Card xx3319 Value Date: 18/05/2024","+2035.51"
21/05/2024,"-20.90","Dominos Estore Broken dominos.com.a AU AUS Card xx3319 Value Date: 19/05/2024","+2060.51"
21/05/2024,"-200.00","Wise Sydney AU AUS Card xx3319 Value Date: 19/05/2024","+2081.41"
21/05/2024,"+1.25","Return TRANSPORTFORNSW TAP SYDNEY AUS Card xx3319 Value Date: 16/05/2024","+2281.41"
20/05/2024,"-113.52","SRILAX PTY LTD BROKEN HILL AU","+2280.16"
19/05/2024,"-11.20","WOOLWORTHS 5662 BROKEN HILL NSW AU","+2393.68"
18/05/2024,"-38.00","Transfer To mexican kitchen CommBank App Food","+2404.88"
18/05/2024,"-13.80","Hungry Jacks Broken Hill AU","+2442.88"
18/05/2024,"-11.00","LAWRENCE INDUSTRIAL BROKEN HILL AU","+2456.68"
18/05/2024,"-3000.00","Transfer to xx2405 CommBank app Transfer","+2467.68"
18/05/2024,"-399.00","LAWRENCE INDUSTRIAL BROKEN HILL AU","+5467.68"
18/05/2024,"-58.50","JORGE ROLENDIO OVIEDO BROKEN HILL AU AUS Card xx3319 Value Date: 16/05/2024","+5866.68"
18/05/2024,"-33.00","Redsand Takeaway Menindee NS AUS Card xx3319 Value Date: 16/05/2024","+5925.18"
18/05/2024,"-123.39","SRILAX PTY LTD BROKEN HILL NS AUS Card xx3319 Value Date: 16/05/2024","+5958.18"
18/05/2024,"-67.00","TELSTRA SERVICES MELBOURNE AUS Card xx3319 Value Date: 17/05/2024","+6081.57"
17/05/2024,"+4571.13","Direct Credit 141000 SOURCE GLOBAL 125","+6148.57"
17/05/2024,"-600.00","Transfer To scotty CommBank App Rental car","+1577.44"
17/05/2024,"-25.00","Dominos Estore Broken dominos.com.a AU AUS Card xx3319 Value Date: 15/05/2024","+2177.44"
17/05/2024,"-40.00","COLES EXPRESS 1900 BROKEN HILL AU AUS Card xx3319 Value Date: 15/05/2024","+2202.44"
17/05/2024,"-89.51","COLES EXPRESS 1900 BROKEN HILL AU AUS Card xx3319 Value Date: 15/05/2024","+2242.44"
16/05/2024,"+1500.00","Transfer from xx2405 CommBank app Transfer","+2331.95"
16/05/2024,"-1292.76","Hotel at Booking.com","+831.95"
16/05/2024,"+1040.00","Transfer from xx2405 CommBank app Transfer","+2124.71"
16/05/2024,"-61.65","WOOLWORTHS 5662 BROKEN HILL AU AUS Card xx3319 Value Date: 14/05/2024","+1084.71"
16/05/2024,"-30.00","Dominos Estore Broken dominos.com.a AU AUS Card xx3319 Value Date: 14/05/2024","+1146.36"
16/05/2024,"-388.80","THE TOURIST LODGE BROKEN HILL AU AUS Card xx3319 Value Date: 13/05/2024","+1176.36"
16/05/2024,"-388.80","THE TOURIST LODGE BROKEN HILL AU AUS Card xx3319 Value Date: 13/05/2024","+1565.16"
16/05/2024,"-14.00","AMPOL WILCANNIA WILCANNIA NS AUS Card xx3319 Value Date: 14/05/2024","+1953.96"
16/05/2024,"-5.98","SRILAX PTY LTD BROKEN HILL NS AUS Card xx3319 Value Date: 14/05/2024","+1967.96"
16/05/2024,"-9.99","AMZNPRIMEAU MEMBERSHIP SYDNEY SOUTH NS AUS Card xx3319 Value Date: 14/05/2024","+1973.94"
16/05/2024,"-15.90","MCDONALDS BROKEN HILL BROKEN HILL AUS Card xx3319 Value Date: 13/05/2024","+1983.93"
15/05/2024,"-110.00","Transfer To gbc building CommBank App Source pay","+1999.83"
15/05/2024,"-24.90","SQ *THE KITCHEN BROKEN Broken Hill NS AUS Card xx3319 Value Date: 13/05/2024","+2109.83"
15/05/2024,"-34.40","WOOLWORTHS 5662 BROKEN HILL AU AUS Card xx3319 Value Date: 13/05/2024","+2134.73"
15/05/2024,"-14.00","WOOLWORTHS 5662 BROKEN HILL AU AUS Card xx3319 Value Date: 13/05/2024","+2169.13"
15/05/2024,"-102.16","S24 BROKEN HILL BLENDE BROKEN HILL NS AUS Card xx3319 Value Date: 13/05/2024","+2183.13"
15/05/2024,"-121.58","BP NYNGAN 5896 NYNGAN NS AUS Card xx3319 Value Date: 12/05/2024","+2285.29"
15/05/2024,"-17.45","PARRA GROUP PL PARRAMATTA AUS Card xx3319 Value Date: 11/05/2024","+2406.87"
14/05/2024,"-4.50","BP GUNNEDAH 7194 GUNNEDAH NS AUS Card xx3319 Value Date: 09/05/2024","+2424.32"
14/05/2024,"-40.02","Woodham Petroleum Serv Collarenebri NS AUS Card xx3319 Value Date: 09/05/2024","+2428.82"
14/05/2024,"-28.64","DD *DOORDASH JAGSRISTO MELBOURNE VI AUS Card xx3319 Value Date: 10/05/2024","+2468.84"
14/05/2024,"-19.90","MCDONALDS NARRABRI NARRABRI AUS Card xx3319 Value Date: 09/05/2024","+2497.48"
14/05/2024,"-10.49","INLAND PETROLEUM WALGETT AUS Card xx3319 Value Date: 09/05/2024","+2517.38"
14/05/2024,"-194.40","Hotel at Booking.com Sydney AU AUS Card xx3319 Value Date: 11/05/2024","+2527.87"
14/05/2024,"-44.67","DD *DOORDASH PAKAFGHAN MELBOURNE VI AUS Card xx3319 Value Date: 10/05/2024","+2722.27"
14/05/2024,"-13.99","APPLE.COM/BILL SYDNEY AU AUS Card xx3319 Value Date: 10/05/2024","+2766.94"
14/05/2024,"-33.00","Dominos Estore Broken dominos.com.a AU AUS Card xx3319 Value Date: 12/05/2024","+2780.93"
14/05/2024,"-23.97","DD *DOORDASH PAKAFGHAN MELBOURNE VI AUS Card xx3319 Value Date: 11/05/2024","+2813.93"
14/05/2024,"-92.21","UBER *TRIP Sydney AU AUS Card xx3319 Value Date: 11/05/2024","+2837.90"
14/05/2024,"-14.11","UBER *TRIP Sydney AU AUS Card xx3319 Value Date: 11/05/2024","+2930.11"
13/05/2024,"+2000.00","Transfer from xx2405 CommBank app Transfer","+2944.22"
13/05/2024,"-1000.00","Transfer to xx2405 CommBank app Transfer","+944.22"
11/05/2024,"-566.00","Transfer To scotty CommBank App Rental car","+1944.22"
11/05/2024,"-500.00","Transfer To VADAKKAYIL LABEEB PayID Email from CommBank App Loan","+2510.22"
11/05/2024,"-49.90","WOOLWORTHS 1305 NARRABRI AU AUS Card xx3319 Value Date: 09/05/2024","+3010.22"
11/05/2024,"-15.40","WOOLWORTHS 1305 NARRABRI AU AUS Card xx3319 Value Date: 09/05/2024","+3060.12"
11/05/2024,"-15.90","Hungry Jacks Singleton AU AUS Card xx3319 Value Date: 09/05/2024","+3075.52"
10/05/2024,"+1500.00","Transfer from xx2405 CommBank app Transfer","+3091.42"
10/05/2024,"-10.00","IGA WALGETT WALGETT NS AUS Card xx3319 Value Date: 08/05/2024","+1591.42"
10/05/2024,"-15.00","B TIAN & H WANG DUBBO NS AUS Card xx3319 Value Date: 08/05/2024","+1601.42"
09/05/2024,"-8.00","WOODHAM PETROLEUM SE WALGETT NS AUS Card xx3319 Value Date: 07/05/2024","+1616.42"
09/05/2024,"-107.50","BP SILVERWATER 7676 SILVERWATER NS AUS Card xx3319 Value Date: 06/05/2024","+1624.42"
09/05/2024,"-19.10","IGA WALGETT WALGETT NS AUS Card xx3319 Value Date: 07/05/2024","+1731.92"
09/05/2024,"-12.63","Steves Takeaway Lightning Rid NS AUS Card xx3319 Value Date: 07/05/2024","+1751.02"
09/05/2024,"-12.65","Walgett Newsagency Walgett NS AUS Card xx3319 Value Date: 08/05/2024","+1763.65"
09/05/2024,"-27.80","KHANS SUPA IGA LT RDG LIGHTNING RID AUS Card xx3319 Value Date: 07/05/2024","+1776.30"
09/05/2024,"-3.50","AMPOL LIGHTNING RIDGE LIGHTNING RID AUS Card xx3319 Value Date: 07/05/2024","+1804.10"
09/05/2024,"-88.40","AMPOL LIGHTNING RIDGE LIGHTNING RID AUS Card xx3319 Value Date: 07/05/2024","+1807.60"
08/05/2024,"-10.50","COLES 5776 MUSWELLBROOK AU AUS Card xx3319 Value Date: 06/05/2024","+1896.00"
08/05/2024,"-13.90","ZAMBRERO SINGLETON SINGLETON NS AUS Card xx3319 Value Date: 06/05/2024","+1906.50"
08/05/2024,"-9.98","BP AUBURN 0759 AUBURN NS AUS Card xx3319 Value Date: 04/05/2024","+1920.40"
08/05/2024,"-22.00","B TIAN & H WANG DUBBO NS AUS Card xx3319 Value Date: 06/05/2024","+1930.38"
08/05/2024,"-179.00","SONJA S BED & BREAKF LIGHTNING RID NS AUS Card xx3319 Value Date: 06/05/2024","+1952.38"
08/05/2024,"-17.45","PARRA GROUP PL PARRAMATTA AUS Card xx3319 Value Date: 05/05/2024","+2131.38"
08/05/2024,"-2.90","TRANSPORTFORNSW TAP SYDNEY AUS Card xx3319 Value Date: 06/05/2024","+2148.83"
08/05/2024,"-47.94","AMAZON AU MARKETPLACE SYDNEY AUS Card xx3319 Value Date: 06/05/2024","+2151.73"
07/05/2024,"-28.62","DD *DOORDASH LATTEONTH MELBOURNE VI AUS Card xx3319 Value Date: 03/05/2024","+2199.67"
07/05/2024,"-25.67","DD *DOORDASH BAYVISTAD MELBOURNE VI AUS Card xx3319 Value Date: 02/05/2024","+2228.29"
07/05/2024,"-28.56","DD *DOORDASH GRANVILLE MELBOURNE VI AUS Card xx3319 Value Date: 04/05/2024","+2253.96"
07/05/2024,"-5.85","WW METRO 1665 PARRAMATTA AU AUS Card xx3319 Value Date: 05/05/2024","+2282.52"
07/05/2024,"-30.23","DD *DOORDASH PAKAFGHAN MELBOURNE VI AUS Card xx3319 Value Date: 04/05/2024","+2288.37"
07/05/2024,"-15.36","UBER *TRIP Sydney AU AUS Card xx3319 Value Date: 05/05/2024","+2318.60"
07/05/2024,"-13.70","UBER *TRIP Sydney AU AUS Card xx3319 Value Date: 04/05/2024","+2333.96"
07/05/2024,"-16.99","Google YouTubePremium Barangaroo AU AUS Card xx3319 Value Date: 06/05/2024","+2347.66"
07/05/2024,"-103.99","AMAZON AU MARKETPLACE SYDNEY AUS Card xx3319 Value Date: 03/05/2024","+2364.65"
07/05/2024,"-7.46","TRANSPORTFORNSW TAP SYDNEY AUS Card xx3319 Value Date: 05/05/2024","+2468.64"
05/05/2024,"+1500.00","Transfer from xx2405 CommBank app Transfer","+2476.10"
05/05/2024,"-100.00","Wdl ATM CBA ATM AUBURN A NSW 210701 AUS","+976.10"
05/05/2024,"-1000.00","Wdl ATM CBA ATM AUBURN A NSW 210701 AUS","+1076.10"
04/05/2024,"-16.90","Transfer To Kangxing Xie PayID Phone from CommBank App Food","+2076.10"
04/05/2024,"-29.12","DD *DOORDASH MEMOSPIZZ MELBOURNE VI AUS Card xx3319 Value Date: 01/05/2024","+2093.00"
04/05/2024,"-22.40","DD *DOORDASH STUDENTBI MELBOURNE VI AUS Card xx3319 Value Date: 02/05/2024","+2122.12"
04/05/2024,"-82.95","AMAZON AU MARKETPLACE SYDNEY AUS Card xx3319 Value Date: 01/05/2024","+2144.52"
04/05/2024,"-22.99","AMAZON AU RETAIL SYDNEY AUS Card xx3319 Value Date: 02/05/2024","+2227.47"
03/05/2024,"-5000.00","Transfer to xx2405 CommBank app Transfer","+2250.46"
03/05/2024,"+6666.76","Direct Credit 141000 SOURCE GLOBAL 123 124","+7250.46"
03/05/2024,"-22.96","DD *DOORDASH STUDENTBI MELBOURNE VI AUS Card xx3319 Value Date: 30/04/2024","+583.70"
03/05/2024,"-28.64","DD *DOORDASH JAGSRISTO MELBOURNE VI AUS Card xx3319 Value Date: 01/05/2024","+606.66"
03/05/2024,"-39.48","AMAZON AU MARKETPLACE SYDNEY AUS Card xx3319 Value Date: 01/05/2024","+635.30"
03/05/2024,"-26.00","AMAZON AU RETAIL SYDNEY AUS Card xx3319 Value Date: 01/05/2024","+674.78"
02/05/2024,"-32.76","DD *DOORDASH THELASTSL MELBOURNE VI AUS Card xx3319 Value Date: 29/04/2024","+700.78"
02/05/2024,"-80.21","G2ABVSHOP AMSTERDAM NLD Card xx3319 AUD 80.21 Value Date: 29/04/2024","+733.54"
02/05/2024,"-41.89","DD *DOORDASH COLES MELBOURNE VI AUS Card xx3319 Value Date: 30/04/2024","+813.75"
02/05/2024,"-25.67","DD *DOORDASH BAYVISTAD MELBOURNE VI AUS Card xx3319 Value Date: 30/04/2024","+855.64"
01/05/2024,"-69.85","Direct Debit 000488 NIB 62112235","+881.31"
01/05/2024,"+100.00","Fast Transfer From DANIYAL AHMED to PayID Phone 1200","+951.16"
01/05/2024,"-33.07","DD *DOORDASH BURGERVIL MELBOURNE VI AUS Card xx3319 Value Date: 28/04/2024","+851.16"
01/05/2024,"-8.84","BP AUBURN 0759 AUBURN NS AUS Card xx3319 Value Date: 27/04/2024","+884.23"
01/05/2024,"-27.16","DD *DOORDASH THECOFFEE MELBOURNE VI AUS Card xx3319 Value Date: 29/04/2024","+893.07"
01/05/2024,"-2.90","TRANSPORTFORNSW TAP SYDNEY AUS Card xx3319 Value Date: 28/04/2024","+920.23"
01/05/2024,"-80.68","AMAZON AU MARKETPLACE SYDNEY AUS Card xx3319 Value Date: 28/04/2024","+923.13"
